"ONTOLOGY","ID","Description","GeneRatio","BgRatio","RichFactor","FoldEnrichment","zScore","pvalue","p.adjust","qvalue","geneID","Count"
"MF","GO:0080044","quercetin 7-O-glucosyltransferase activity","8/315","62/26761",0.129032258064516,10.9620071684588,8.57064548986464,6.56530938206857e-07,0.000198928874276678,0.00019488602586772,"AT2G26480/AT3G46660/AT5G59590/AT3G46700/AT3G11340/AT5G59580/AT3G46680/AT2G23260",8
"MF","GO:0080043","quercetin 3-O-glucosyltransferase activity","8/315","73/26761",0.10958904109589,9.31019786910198,7.75948887589368,2.33336534561857e-06,0.000353504849861213,0.000346320540770756,"AT2G26480/AT3G46660/AT5G59590/AT3G46700/AT3G11340/AT5G59580/AT3G46680/AT2G23260",8
"MF","GO:0030145","manganese ion binding","5/315","54/26761",0.0925925925925926,7.86625514403292,5.51216994442159,0.000431710165954875,0.0436027267614424,0.0427165848418508,"AT4G14630/AT5G26700/AT5G39100/AT3G04200/AT1G18980",5
